meowmeow,Name,Downloaded
AACIW,Armada Acquisition Corp. I Warrant,0
AAGRW,African Agriculture Holdings Inc. Warrant,0
ABLLW,Abacus Life Inc. Warrant,0
ABR^D,Arbor Realty Trust 6.375% Series D Cumulative Redeemable Preferred Stock Liquidation Preference $25.00 per Share,0
ABR^E,Arbor Realty Trust 6.25% Series E Cumulative Redeemable Preferred Stock,0
ABR^F,Arbor Realty Trust 6.25% Series F Fixed-to-Floating Rate Cumulative Redeemable Preferred Stock Liquidation Preference $25.00 per share,0
ACABW,Atlantic Coastal Acquisition Corp. II Warrant,0
ACAHW,Atlantic Coastal Acquisition Corp. Warrant,0
ACBAW,Ace Global Business Acquisition Limited Warrant,0
ACONW,Aclarion Inc. Warrant,0
ACP^A,abrdn Income Credit Strategies Fund 5.250% Series A Perpetual Preferred Stock,0
ACR^C,ACRES Commercial Realty Corp. 8.625% Fixed-to-Floating Series C Cumulative Redeemable Preferred Stock ,0
ACR^D,ACRES Commercial Realty Corp. 7.875% Series D Cumulative Redeemable Preferred Stock,0
ADC^A,Agree Realty Corporation Depositary Shares each representing 1/1000th of a 4.250% Series A Cumulative Redeemable Preferred Stock,0
ADNWW,Advent Technologies Holdings Inc. Warrant,0
ADOCR,Edoc Acquisition Corp. Right,0
ADOCW,Edoc Acquisition Corp. Warrant,0
ADSEW,ADS-TEC ENERGY PLC Warrant,0
ADTHW,AdTheorent Holding Company Inc. Warrants,0
ADVWW,Advantage Solutions Inc. Warrant,0
AEAEW,AltEnergy Acquisition Corp. Warrant,0
AEL^A,American Equity Investment Life Holding Company Depositary Shares each representing a 1/1000th interest in a share of 5.95% Fixed-Rate Reset Non-Cumulative Preferred Stock Series A,0
AEL^B,American Equity Investment Life Holding Company Depositary Shares each representing a 1/1000th interest in a share of 6.625% Fixed-Rate Reset Non-Cumulative Preferred Stock Series B,0
AENTW,Alliance Entertainment Holding Corporation Warrants,0
AFARW,Aura FAT Projects Acquisition Corp Warrant,0
AFJKR,Aimei Health Technology Co. Ltd Right,0
AFRIW,Forafric Global PLC Warrants,0
AGBAW,AGBA Group Holding Limited Warrant,0
AGM^C,Federal Agricultural Mortgage Corporation Preferred Series C Fixed to Fltg,0
AGM^D,Federal Agricultural Mortgage Corporation 5.700% Non-Cumulative Preferred Stock Series D,0
AGM^E,Federal Agricultural Mortgage Corporation 5.750% Non-Cumulative Preferred Stock Series E,0
AGM^F,Federal Agricultural Mortgage Corporation 5.250% Non-Cumulative Preferred Stock Series F,0
AGM^G,Federal Agricultural Mortgage Corporation 4.875% Non-Cumulative Preferred Stock Series G,0
AGRIW,AgriFORCE  Growing Systems Ltd. Warrant,0
AHH^A,Armada Hoffler Properties Inc. 6.75% Series A Cumulative Redeemable Perpetual Preferred Stock,0
AHL^C,Aspen Insurance Holdings Limited 5.95% Fixed-to-Floating Rate Perpetual Non-Cumulative Preference Shares,0
AHL^D,Aspen Insurance Holdings Limited 5.625% Perpetual Non-Cumulative Preference Shares,0
AHL^E,Aspen Insurance Holdings Limited Depositary Shares each representing a 1/1000th interest in a share of 5.625% Perpetual Non-Cumulative Preference Shares,0
AHT^D,Ashford Hospitality Trust Inc 8.45% Series D Cumulative Preferred Stock,0
AHT^F,Ashford Hospitality Trust Inc 7.375% Series F Cumulative Preferred Stock,0
AHT^G,Ashford Hospitality Trust Inc 7.375% Series G Cumulative Preferred Stock,0
AHT^H,Ashford Hospitality Trust Inc 7.50% Series H Cumulative Preferred Stock,0
AHT^I,Ashford Hospitality Trust Inc 7.50% Series I Cumulative Preferred Stock,0
AIBBR,AIB Acquisition Corporation Right,0
AIG^A,American International Group Inc. Depositary Shares Each Representing a 1/1000th Interest in a Share of Series A 5.85% Non-Cumulative Perpetual Preferred Stock,0
AIMAW,Aimfinity Investment Corp. I Warrant,0
AIMDW,Ainos Inc. Warrants,0
AISPW,Airship AI Holdings Inc. Warrants,0
AITRR,AI TRANSPORTATION ACQUISITION CORP Right,0
AKO/A,Embotelladora Andina S.A.,0
AKO/B,Embotelladora Andina S.A.,0
AL^A,Air Lease Corporation 6.150% Fixed-to-Floating Rate Non-Cumulative Perpetual Preferred Stock Series A,0
ALCYW,Alchemy Investments Acquisition Corp 1 Warrants,0
ALL^B,Allstate Corporation (The) 5.100% Fixed-to-Floating Rate Subordinated Debentures due 2053,0
ALL^H,Allstate Corporation (The) Depositary Shares each representing a 1/1000th interest in a share of Fixed Rate Noncumulative Perpetual Preferred Stock Series H,0
ALL^I,Allstate Corporation (The) Depositary Shares each representing a 1/1000th interest in a share of Fixed Rate Noncumulative Perpetual Preferred Stock Series I,0
ALL^J,Allstate Corporation (The) Depositary Shares each representing a 1/1000th interest in a share of Fixed Rate Noncumulative Perpetual Preferred Stock Series J,0
ALSAR,Alpha Star Acquisition Corporation Rights,0
ALSAW,Alpha Star Acquisition Corporation Warrants,0
ALTG^A,Alta Equipment Group Inc. Depositary Shares (each representing 1/1000th in a share of 10% Series A Cumulative Perpetual Preferred Stock),0
ALVOW,Alvotech Warrant,0
AMH^G,American Homes 4 Rent Series G cumulative redeemable perpetual preferred shares of beneficial interest,0
AMH^H,American Homes 4 Rent Series H cumulative redeemable perpetual Preferred Shares of Beneficial Interest,0
ANGHW,Anghami Inc. Warrants,0
AOGOW,Arogo Capital Acquisition Corp. Warrant,0
AONCW,American Oncology Network Inc. Warrant,0
APACW,StoneBridge Acquisition Corporation Warrant,0
APCXW,AppTech Payments Corp. Warrant,0
APO^A,Apollo Global Management Inc. 6.75% Series A Mandatory Convertible Preferred Stock,0
APTMW,Alpha Partners Technology Merger Corp. Warrant,0
APXIW,APx Acquisition Corp. I Warrant,0
AQUNR,Aquaron Acquisition Corp. Rights,0
ARBEW,Arbe Robotics Ltd. Warrant,0
AREBW,American Rebel Holdings Inc. Warrants,0
ARGO^A,Argo Group International Holdings Inc. Depositary Shares Each Representing a 1/1000th Interest in a 7.00% Resettable Fixed Rate Preference Share Series A,0
ARIZR,Arisz Acquisition Corp. Right,0
ARIZW,Arisz Acquisition Corp. Warrant,0
ARKOW,ARKO Corp. Warrant,0
ARR^C,ARMOUR Residential REIT Inc. 7% Series C Cumulative Redeemable Preferred Stock (liquidation preference $25.00 per share),0
ARRWW,Arrowroot Acquisition Corp. Warrant,0
ARTLW,Artelo Biosciences Inc. Warrant,0
ASB^E,Associated Banc-Corp Depositary Shares each representing a 1/40th interest in a share of 5.875% Non-Cumulative Perpetual Preferred Stock Series E,0
ASB^F,Associated Banc-Corp Depositary Shares each representing a 1/40th interest in a share of Associated Banc-Corp 5.625% Non-Cumulative Perpetual Preferred Stock Series F,0
ASCAW,A SPAC I Acquisition Corp. Warrant,0
ASCBR,A SPAC II Acquisition Corp. Right,0
ASTLW,Algoma Steel Group Inc. Warrant,0
ASTSW,AST SpaceMobile Inc. Warrant,0
ATCO^D,Atlas Corp. 7.95% Series D,0
ATCO^H,Atlas Corp. 7.875% Series H,0
ATH^A,Athene Holding Ltd. Depositary Shares Each Representing a 1/1000th Interest in a 6.35% Fixed-to-Floating Rate Perpetual Non-Cumulative Preference Share Series A,0
ATH^B,Athene Holding Ltd. Depositary Shares Each Representing a 1/1000th Interest in a 5.625% Fixed Rate Perpetual Non- Cumulative Preference Share Series B par value $1.00 per share,0
ATH^C,Athene Holding Ltd. Depositary Shares each representing a 1/1000th Interest in a Share of 6.375% Fixed-Rate Reset Perpetual Non-Cumulative Preference Shares Series C,0
ATH^D,Athene Holding Ltd. Depositary Shares Each Representing a 1/1000th Interest in a 4.875% Fixed-Rate Perpetual Non-Cumulative Preference Share Series D,0
ATH^E,Athene Holding Ltd. Depositary Shares Each Representing a 1/1000th Interest in a 7.750% Fixed-Rate Reset Perpetual Non-Cumulative Preference Share Series E,0
ATMCR,AlphaTime Acquisition Corp Right,0
ATMCW,AlphaTime Acquisition Corp Warrant,0
ATMVR,AlphaVest Acquisition Corp Right,0
ATNFW,180 Life Sciences Corp. Warrant,0
AUB^A,Atlantic Union Bankshares Corporation Depositary Shares each representing a 1/400th ownership interest in a share of 6.875% Perpetual Non-Cumulative Preferred Stock Series A,0
AULT^D,Ault Alliance Inc. 13.00% Series D Cumulative Redeemable Perpetual Preferred Stock,0
AUROW,Aurora Innovation Inc. Warrant,0
AUUDW,Auddia Inc. Warrants,0
AVHIW,Achari Ventures Holdings Corp. I Warrant,0
AVPTW,AvePoint Inc. Warrant,0
AWINW,AERWINS Technologies Inc. Warrant,0
AXS^E,Axis Capital Holdings Limited Depositary Shares each representing 1/100th interest in a share of a 5.50% Series E Preferred Shares,0
BAC^B,Bank of America Corporation Depositary Shares each representing a 1/1000th interest in a share of 6.000% Non-Cumulative Preferred Stock Series GG,0
BAC^E,Bank of America Corporation Depositary Sh repstg 1/1000th Perp Pfd Ser E,0
BAC^K,Bank of America Corporation Depositary Shares each representing a 1/1000th interest in a share of 5.875% Non- Cumulative Preferred Stock Series HH,0
BAC^L,Bank of America Corporation Non Cumulative Perpetual Conv Pfd Ser L,0
BAC^M,Bank of America Corporation Depositary Shares each representing a 1/1000th interest in a share of 5.375% Non-Cumulative Preferred Stock Series KK,0
BAC^N,Bank of America Corporation Depositary shares each representing 1/1000th interest in a share of 5.000% Non-Cumulative Preferred Stock Series LL,0
BAC^O,Bank of America Corporation Depositary shares each representing 1/1000th interest in a share of 4.375% Non-Cumulative Preferred Stock Series NN,0
BAC^P,Bank of America Corporation Depositary Shares each representing a 1/1000th interest in a share of 4.125% Non-Cumulative Preferred Stock Series PP,0
BAC^Q,Bank of America Corporation Depositary shares each representing 1/1000th interest in a share of 4.250% Non-Cumulative Preferred Stock Series QQ,0
BAC^S,Bank of America Corporation Depositary shares each representing 1/1000th interest in a share of 4.750% Non-Cumulative Preferred Stock Series SS,0
BAERW,Bridger Aerospace Group Holdings Inc. Warrant,0
BANC^F,Banc of California Inc. Depositary Shares each representing a 1/40th interest in a share of 7.75% non-cumulative perpetual preferred stock Series F,0
BAYAR,Bayview Acquisition Corp Right,0
BC^A,Brunswick Corporation 6.500% Senior Notes due 2048,0
BC^B,Brunswick Corporation 6.625% Senior Notes due 2049,0
BC^C,Brunswick Corporation 6.375% Notes due 2049,0
BCSAW,Blockchain Coinvestors Acquisition Corp. I Warrant,0
BCTXW,BriaCell Therapeutics Corp. Warrant,0
BCV^A,Bancroft Fund Limited 5.375% Series A Cumulative Preferred Shares,0
BEATW,Heartbeam Inc. Warrant,0
BEEMW,Beam Global Warrant,0
BENFW,Beneficient Warrant,0
BEP^A,Brookfield Renewable Partners L.P. 5.25% Class A Preferred Limited Partnership Units Series 17,0
BETRW,Better Home & Finance Holding Company Warrant,0
BF/A,Brown Forman Corporation,0
BF/B,Brown Forman Corporation,0
BFIIW,BurgerFi International Inc. Warrant ,0
BFRGW,Bullfrog AI Holdings Inc. Warrants,0
BFRIW,Biofrontera Inc. Warrants,0
BFS^D,Saul Centers Inc. Depositary Shares each representing 1/100th of a share of 6.125% Series D Cumulative Redeemable Preferred Stock,0
BFS^E,Saul Centers Inc. Depositary shares each representing a 1/100th fractional interest in a share of 6.000% Series E Cumulative Redeemable Preferred Stock,0
BHACW,Focus Impact BH3 Acquisition Company Warrants,0
BHR^B,Braemar Hotels & Resorts Inc. 5.50% Series B Cumulative Convertible Preferred Stock par value $0.01 per share,0
BHR^D,Braemar Hotels & Resorts Inc. 8.25% Series D Cumulative Preferred Stock  par value $0.01 per share,0
BIAFW,bioAffinity Technologies Inc. Warrant,0
BIO/B,Bio-Rad Laboratories Inc.,0
BIP^A,Brookfield Infrastructure Partners LP 5.125% Class A Preferred Limited Partnership Units Series 13,0
BIP^B,Brookfield Infrastructure Partners LP 5.000% Class A Preferred Limited Partnership Units Series 14,0
BLACR,Bellevue Life Sciences Acquisition Corp. Rights,0
BLACW,Bellevue Life Sciences Acquisition Corp. Warrant,0
BLDEW,Blade Air Mobility Inc. Warrants,0
BLEUR,bleuacacia ltd Rights,0
BLEUW,bleuacacia ltd Warrants,0
BML^G,Bank of America Corporation Depositary Shares (Each representing a 1/1200th interest in a share of Floating Rate Non-Cumulative Preferred Stock  Series 1),0
BML^H,Bank of America Corporation Depositary Shares (Each representing a 1/1200th interest in a Share of Floating Rate Non-Cumulative Preferred Stock Series 2),0
BML^J,Bank of America Corporation Depositary Shares (Each representing a 1/1200th interest in a Share of Floating Rate Non-Cumulative Preferred Stock Series 4),0
BML^L,Bank of America Corporation Depositary Shares (Each representing a 1/1200th Interest in a Share of Floating Rate Non-Cumulative Preferred Stock Series 5),0
BNIXR,Bannix Acquisition Corp. Right,0
BNIXW,Bannix Acquisition Corp. Warrant,0
BNZIW,Banzai International Inc. Warrant,0
BOH^A,Bank of Hawaii Corporation Depositary Shares Each Representing a 1/40th Interest in a Share of 4.375% Fixed Rate Non-Cumulative Perpetual Preferred Stock Series A,0
BOWNR,Bowen Acquisition Corp Rights,0
BRACR,Broad Capital Acquisition Corp Rights,0
BREZR,Breeze Holdings Acquisition Corp. Right,0
BREZW,Breeze Holdings Acquisition Corp. Warrant,0
BRK/A,Berkshire Hathaway Inc.,0
BRK/B,Berkshire Hathaway Inc.,0
BRKHW,BurTech Acquisition Corp. Warrants,0
BROGW,Brooge Holdings Limited Warrant expiring 12/20/2024,0
BRSHW,Bruush Oral Care Inc. Warrant,0
BTBDW,BT Brands Inc. Warrant,0
BTCTW,BTC Digital Ltd. Warrant,0
BTMWW,Bitcoin Depot Inc. Warrant,0
BUJAR,Bukit Jalil Global Acquisition 1 Ltd. Rights,0
BUJAW,Bukit Jalil Global Acquisition 1 Ltd. Warrants,0
BW^A,Babcock & Wilcox Enterprises Inc. 7.75% Series A Cumulative Perpetual Preferred Stock,0
BWAQR,Blue World Acquisition Corporation Right,0
BWAQW,Blue World Acquisition Corporation Warrant,0
BYNOW,byNordic Acquisition Corporation Warrant,0
BZFDW,BuzzFeed Inc. Warrant,0
C^J,Citigroup Inc. Dep Shs Repstg 1/1000 Pfd Ser J Fixed/Fltg,0
C^N,Citigroup Capital XIII 7.875% Fixed rate Floating Rate trust Preferred Securities (TruPS),0
CADE^A,Cadence Bank 5.50% Series A ,0
CAPTW,Captivision Inc. Warrant,0
CDAQW,Compass Digital Acquisition Corp. Warrant,0
CDIOW,Cardio Diagnostics Holdings Inc. Warrant,0
CDR^B,Cedar Realty Trust Inc. 7.25% Series B Cumulative Redeemable Preferred Stock,0
CDR^C,Cedar Realty Trust Inc. 6.50% Series C Cumulative Redeemable Preferred Stock,0
CDROW,Codere Online Luxembourg S.A. Warrants,0
CDTTW,Conduit Pharmaceuticals Inc. Warrant,0
CEADW,CEA Industries Inc. Warrant,0
CELUW,Celularity Inc. Warrant,0
CETUR,Cetus Capital Acquisition Corp. Right to receive 1/6 of one share of Class A Common Stock,0
CETUW,Cetus Capital Acquisition Corp. Warrant,0
CFG^D,Citizens Financial Group Inc. Depositary Shares each representing a 1/40th Interest in a Share of 6.350% Fixed-to-Floating Rate Non-Cumulative Perpetual Preferred Stock Series D,0
CFG^E,Citizens Financial Group Inc. Depositary Shares Each Representing 1/40th Interest in a Share of 5.000% Fixed-Rate Non-Cumulative Perpetual Preferred Stock Series E,0
CFR^B,Cullen/Frost Bankers Inc. Depositary Shares each representing a 1/40th ownership interest in a share of 4.450% non-cumulative perpetual preferred stock Series B,0
CHMI^A,Cherry Hill Mortgage Investment Corporation 8.20% Series A Cumulative Redeemable Preferred Stock,0
CHMI^B,Cherry Hill Mortgage Investment Corporation 8.250% Series B Fixed-to-Floating Rate Cumulative Redeemable Preferred Stock,0
CIFRW,Cipher Mining Inc. Warrant,0
CIM^A,Chimera Investment Corporation 8.00% Series A Cumulative Redeemable Preferred Stock,0
CIM^B,Chimera Investment Corporation 8.00% Series B Fixed-to-Floating Rate Cumulative Redeemable Preferred Stock,0
CIM^C,Chimera Investment Corporation 7.75% Series C Fixed-to-Floating Rate  Cumulative Redeemable  Preferred Stock,0
CIM^D,Chimera Investment Corporation 8.00% Series D Fixed-to-Floating Rate Cumulative Redeemable Preferred Stock,0
CINGW,Cingulate Inc. Warrants,0
CIO^A,City Office REIT Inc. 6.625% Series A Cumulative Redeemable Preferred Stock,0
CLBTW,Cellebrite DI Ltd. Warrants,0
CLDT^A,Chatham Lodging Trust (REIT) 6.625% Series A Cumulative Redeemable Preferred Shares of Beneficial Interest,0
CLNNW,Clene Inc. Warrant,0
CLOER,Clover Leaf Capital Corp. Rights,0
CLRCR,ClimateRock Right,0
CLRCW,ClimateRock Warrant,0
CLVT^A,Clarivate Plc 5.25% Series A Mandatory Convertible Preferred Shares,0
CMAXW,CareMax Inc. Warrant,0
CMPOW,CompoSecure Inc. Warrant,0
CMRE^B,Costamare Inc. Perpetual Preferred Stock Series B (Marshall Islands),0
CMRE^C,Costamare Inc. Perpetual Preferred Series C (Marshall Islands),0
CMRE^D,Costamare Inc. 8.75% Series D Cumulative Redeemable Perpetual Preferred Stock,0
CMRE^E,Costamare Inc. 8.875% Series E Cumulative Redeemable Perpetual Preferred Stock par value $0.0001,0
CMS^B,CMS Energy Corporation Preferred Stock,0
CMS^C,CMS Energy Corporation Depositary Shares each representing a 1/1000th interest in a share of 4.200% Cumulative Redeemable Perpetual Preferred Stock Series C,0
CNFRZ,Conifer Holdings Inc. 9.75% Senior Unsecured Notes due 2028,0
CNGLW,Canna-Global Acquisition Corp Warrant,0
CNO^A,CNO Financial Group Inc. 5.125% Subordinated Debentures due 2060,0
COCHW,Envoy Medical Inc Warrant,0
CODI^A,Compass Diversified Holdings 7.250% Series A Preferred Shares representing beneficial interest in Compass Diversified Holdings,0
CODI^B,Compass Diversified Holdings 7.875% Series B Fixed-to-Floating Rate Cumulative Preferred Shares representing beneficial interests in Compass Diversified Holdings,0
CODI^C,Compass Diversified Holdings 7.875% Series C Cumulative Preferred Shares,0
COEPW,Coeptis Therapeutics Holdings Inc. Warrants,0
COF^I,Capital One Financial Corporation Depositary shares each representing a 1/40th interest in a share of Fixed Rate Non-Cumulative Perpetual Preferred Stock Series I of the Issuer,0
COF^J,Capital One Financial Corporation Depositary Shares Each Representing a 1/40th Interest in a Share of Fixed Rate Non- Cumulative Perpetual Preferred Stock Series J,0
COF^K,Capital One Financial Corporation Depositary Shares Each Representing a 1/40th Ownership Interest in a Share of Fixed Rate Non-Cumulative Perpetual Preferred Stock Series K,0
COF^L,Capital One Financial Corporation Depositary Shares Each Representing a 1/40th Interest in a Share of Fixed Rate Non-Cumulative Perpetual Preferred Stock Series L,0
COF^N,Capital One Financial Corporation Depositary Shares Each Representing a 1/40th Ownership Interest in a Share of Fixed Rate Non-Cumulative Perpetual Preferred Stock Series N,0
COMSW,COMSovereign Holding Corp. Warrants,0
CONXW,CONX Corp. Warrant,0
CORZW,Core Scientific Inc. Tranche 1 Warrants,0
CORZZ,Core Scientific Inc. Tranche 2 Warrants,0
CPTNW,Cepton Inc. Warrant,0
CRD/A,Crawford & Company,0
CRD/B,Crawford & Company,0
CRESW,Cresud S.A.C.I.F. y A. Warrant,0
CREVW,Carbon Revolution Public Limited Company Warrant,0
CRGOW,Freightos Limited Warrants,0
CSLMR,CSLM Acquisition Corp. Right,0
CSLMW,CSLM Acquisition Corp. Warrant,0
CSLRW,Complete Solaria Inc. Warrants,0
CSR^C,D/B/A Centerspace 6.625% Series C ,0
CSSEL,Chicken Soup for the Soul Entertainment Inc. Warrant,0
CTA^A,EIDP Inc. Preferred Stock $3.50 Series,0
CTA^B,EIDP Inc. Preferred Stock $4.50 Series,0
CTCXW,Carmell Corporation Warrant,0
CTO^A,CTO Realty Growth Inc. 6.375% Series A Cumulative Redeemable Preferred Stock,0
CUBI^E,Customers Bancorp Inc Fixed-to-Floating Rate Non-Cumulative Perpetual Preferred Stock Series E,0
CUBI^F,Customers Bancorp Inc Fixed-to-Floating Rate Non-Cumulative Perpetual Preferred Stock Series F,0
CURIW,CuriosityStream Inc. Warrant,0
CXAIW,CXApp Inc. Warrant,0
DAVEW,Dave Inc. Warrants,0
DBGIW,Digital Brands Group Inc. Warrant,0
DBRG^H,DigitalBridge Group Inc. 7.125% Series H ,0
DBRG^I,DigitalBridge Group Inc. 7.15% Series I ,0
DBRG^J,DigitalBridge Group Inc. 7.125% Series J ,0
DCFCW,Tritium DCFC Limited Warrant,0
DECAW,Denali Capital Acquisition Corp. Warrant,0
DFLIW,Dragonfly Energy Holdings Corp. Warrant,0
DHACW,Digital Health Acquisition Corp. Warrant,0
DHCNL,Diversified Healthcare Trust 6.25% Senior Notes Due 2046,0
DISTR,Distoken Acquisition Corporation Right,0
DISTW,Distoken Acquisition Corporation Warrant,0
DLNG^A,Dynagas LNG Partners LP 9.00% Series A Cumulative Redeemable Preferred Units,0
DLNG^B,Dynagas LNG Partners LP 8.75% Series B Fixed to Floating Rate Cumulative Redeemable Perpetual Preferred Units liquidation preference $25.00 per Uni,0
DLR^J,Digital Realty Trust Inc. 5.250% Series J Cumulative Redeemable Preferred Stock,0
DLR^K,Digital Realty Trust Inc. 5.850% Series K Cumulative Redeemable Preferred Stock par value $0.01 per share,0
DLR^L,Digital Realty Trust Inc. 5.200% Series L Cumulative Redeemable Preferred Stock,0
DMAQR,Deep Medicine Acquisition Corp. Rights,0
DRH^A,Diamondrock Hospitality Company 8.250% Series A Cumulative Redeemable Preferred Stock,0
DRMAW,Dermata Therapeutics Inc. Warrant,0
DRTSW,Alpha Tau Medical Ltd. Warrant,0
DSX^B,Diana Shipping Inc. Perpetual Preferred Shares Series B (Marshall Islands),0
DTSTW,Data Storage Corporation Warrant,0
DUK^A,Duke Energy Corporation Depositary Shares each representing a 1/1000th interest in a share of 5.75% Series A Cumulative Redeemable Perpetual Preferred Stock,0
DWACW,Digital World Acquisition Corp. Warrants,0
DX^C,Dynex Capital Inc. 6.900% Series C Fixed-to-Floating Rate Cumulative Redeemable Preferred Stock,0
EACPW,Edify Acquisition Corp. Warrant,0
ECC           ,Eagle Point Credit Company Inc. Common Stock,0
ECC^D,Eagle Point Credit Company Inc. 6.75% Series D Preferred Stock,0
ECDAW,ECD Automotive Design Inc. Warrant ,0
ECF^A,Ellsworth Growth and Income Fund Ltd. 5.25% Series A Cumulative Preferred Shares (Liquidation Preference $25.00 per share),0
ECXWW,ECARX Holdings Inc. Warrants,0
EDBLW,Edible Garden AG Incorporated Warrant,0
EFC^A,Ellington Financial Inc. 6.750% Series A Fixed-to-Floating Rate Cumulative Redeemable Preferred Stock,0
EFC^B,Ellington Financial Inc. 6.250% Series B Fixed-Rate Reset Cumulative Redeemable Preferred Stock,0
EFC^C,Ellington Financial Inc. 8.625% Series C Fixed-Rate Reset Cumulative Redeemable Preferred Stock,0
EFC^D,Ellington Financial Inc. 7.00% Series D Cumulative Perpetual Redeemable Preferred Stock,0
EFC^E,Ellington Financial Inc. 8.250% Series E Fixed-to-Floating Rate Cumulative Redeemable Preferred Stock,0
EFTRW,eFFECTOR Therapeutics Inc. Warrant,0
EMCGR,Embrace Change Acquisition Corp Rights,0
EMCGW,Embrace Change Acquisition Corp Warrants,0
EMLDW,FTAC Emerald Acquisition Corp. Warrant,0
ENCPW,Energem Corp Warrant,0
ENGNW,enGene Holdings Inc. Warrants,0
EP^C,El Paso Corporation Preferred Stock,0
EPR^C,EPR Properties 5.75% Series C Cumulative Convertible Preferred Shares,0
EPR^E,EPR Properties Series E Cumulative Conv Pfd Shs Ser E,0
EPR^G,EPR Properties 5.750% Series G Cumulative Redeemable Preferred Shares,0
EQC^D,Equity Commonwealth 6.50% Pfd Conv Shs Ser D,0
EQH^A,Equitable Holdings Inc. Depositary Shares,0
EQH^C,Equitable Holdings Inc. Depositary Shares each representing a 1/1000th interest in a share of Fixed Rate Noncumulative Perpetual Preferred Stock Series C,0
ESACW,ESGEN Acquisition Corporation Warrants,0
ESGLW,ESGL Holdings Limited Warrants,0
ESHAR,ESH Acquisition Corp. Right,0
ESLAW,Estrella Immunopharma Inc. Warrant,0
ET^C,Energy Transfer L.P. 7.375% Series C Fixed-to-Floating Rate Cumulative Redeemable Perpetual Preferred Unit,0
ET^D,Energy Transfer L.P. 7.625% Series D Fixed-to-Floating Rate Cumulative Redeemable Perpetual Preferred Unit,0
ET^E,Energy Transfer L.P. 7.600% Series E Fixed-to-Floating Rate Cumulative Redeemable Perpetual Preferred Unit,0
ET^I,Energy Transfer L.P. Series I Fixed Rate Perpetual Preferred Units,0
ETI^,Entergy Texas Inc 5.375% Series A Preferred Stock Cumulative No Par Value,0
ETX           ,Eaton Vance Municipal Income 2028 Term Trust Common Shares of Beneficial Interest,0
EUDAW,EUDA Health Holdings Limited Warrant,0
EVLVW,Evolv Technologies Holdings Inc. Warrant,0
F^B,Ford Motor Company 6.20% Notes due June 1 2059,0
F^C,Ford Motor Company 6% Notes due December 1 2059,0
F^D,Ford Motor Company 6.500% Notes due August 15 2062,0
FATBW,FAT Brands Inc. Warrant,0
FAZEW,FaZe Holdings Inc. Warrant,0
FBRT^E,Franklin BSP Realty Trust Inc. 7.50% Series E Cumulative Redeemable Preferred Stock,0
FBYDW,Falcon's Beyond Global Inc. Warrants,0
FEI           ,First Trust MLP and Energy Income Fund Common Shares of Beneficial Interest,0
FEXDR,Fintech Ecosystem Development Corp. Right,0
FFIEW,Faraday Future Intelligent Electric Inc. Warrant,0
FGIWW,FGI Industries Ltd. Warrant,0
FHLTW,Future Health ESG Corp. Warrant,0
FHN^B,First Horizon Corporation Depositary Shares each representing a 1/400th interest in a share of Non-Cumulative Perpetual Preferred Stock Series B,0
FHN^C,First Horizon Corporation Depositary Shares each representing a 1/400th interest in a share of Non-Cumulative Perpetual Preferred Stock Series C,0
FHN^D,First Horizon Corporation Depositary Shares each representing a 1/400th interest in a share of Non-Cumulative Perpetual Preferred Stock Series D,0
FHN^E,First Horizon Corporation Depositary Shares each representing a 1/4000th interest in a share of Non-Cumulative Perpetual Preferred Stock Series E,0
FHN^F,First Horizon Corporation Depositary Shares each representing 1/4000th Interest in a Share of Non-Cumulative Perpetual Preferred Stock Series F,0
FIACW,Focus Impact Acquisition Corp. Warrant,0
FICVW,Frontier Investment Corp Warrants,0
FLFVR,Feutune Light Acquisition Corporation Right,0
FLFVW,Feutune Light Acquisition Corporation Warrant,0
FMSTW,Foremost Lithium Resource & Technology Ltd. Warrant,0
FNB^E,F.N.B. Corporation Depositary Shares each representing a 1/40th interest in a share of Fixed-to-Floating Rate Non-Cumulative Perpetual Preferred  Stock Series E,0
FORLW,Four Leaf Acquisition Corporation Warrants,0
FREEW,Whole Earth Brands Inc. Warrant,0
FRT^C,Federal Realty Investment Trust Depositary Shares each representing a 1/1000th interest in a 5.000% Series C Cumulative Redeemable Preferred Share,0
FTIIW,FutureTech II Acquisition Corp. Warrant,0
GAB^G,Gabelli Equity Trust Inc. (The) Series G Cumulative Preferred Stock,0
GAB^H,Gabelli Equity Trust Inc. (The) Pfd Ser H,0
GAB^K,Gabelli Equity Trust Inc. (The) 5.00% Series K Cumulative Preferred Stock,0
GAM^B,General American Investors Company Inc. Cumulative Preferred Stock,0
GAMCW,Golden Arrow Merger Corp. Warrant,0
GBBKR,Global Blockchain Acquisition Corp. Right,0
GBBKW,Global Blockchain Acquisition Corp. Warrant,0
GCMGW,GCM Grosvenor Inc. Warrant,0
GDEVW,GDEV Inc. Warrant,0
GDL^C,The GDL Fund Series C Cumulative Puttable and Callable Preferred Shares,0
GDSTR,Goldenstone Acquisition Limited Rights,0
GDSTW,Goldenstone Acquisition Limited Warrants,0
GDV^H,The Gabelli Dividend & Income Trust 5.375% Series H Cumulative Preferred Shares,0
GDV^K,The Gabelli Dividend & Income Trust 4.250% Series K Cumulative Preferred Shares,0
GECCZ,Great Elm Capital Corp. 8.75% Notes due 2028,0
GFAIW,Guardforce AI Co. Limited Warrant,0
GGN^B,GAMCO Global Gold Natural Reources & Income Trust 5.00% Series B Cumulative 25.00 Liquidation Preference,0
GGROW,Gogoro Inc. Warrant,0
GGT^E,Gabelli Multi-Media Trust Inc. (The) 5.125% Series E Cumulative Preferred Stock,0
GGT^G,Gabelli Multi-Media Trust Inc. (The) 5.125% Series G Cumulative Preferred Shares,0
GHIXW,Gores Holdings IX Inc. Warrant,0
GIPRW,Generation Income Properties Inc Warrant,0
GL^D,Globe Life Inc. 4.25% Junior Subordinated Debentures due 2061,0
GLOG^A,GasLog LP. 8.75% Series A Cumulative Redeemable Perpetual Preference Shares,0
GLOP^A,GasLog Partners LP 8.625% Series A Cumulative Redeemable Perpetual Fixed to Floating Rate Preference Units,0
GLOP^B,GasLog Partners LP 8.200% Series B Cumulative Redeemable Perpetual Fixed to Floating Rate Preference Units,0
GLOP^C,GasLog Partners LP 8.500% Series C Cumulative Redeemable Perpetual Fixed to Floating Rate Preference Units,0
GLP^A,Global Partners LP 9.75% Series A Fixed-to-Floating Rate Cumulative Redeemable Perpetual Preferred Units representing limited partner interests,0
GLP^B,Global Partners LP 9.50% Series B Fixed Rate Cumulative Redeemable Perpetual Preferred Units representing limited partner interests,0
GLSTR,Global Star Acquisition Inc. Right,0
GLSTW,Global Star Acquisition Inc. Warrants,0
GLU^A,The Gabelli Global Utility and Income Trust Series A Cumulative Puttable and Callable Preferred Shares,0
GMBLW,Esports Entertainment Group Inc. Warrant,0
GMBLZ,Esports Entertainment Group Inc. Warrant,0
GMFIW,Aetherium Acquisition Corp. Warrant,0
GMRE^A,Global Medical REIT Inc. Series A Cumulative Redeemable Preferred Stock,0
GNL^A,Global Net Lease Inc. 7.25% Series A Cumulative Redeemable Preferred Stock $0.01 par value per share,0
GNL^B,Global Net Lease Inc. 6.875% Series B Cumulative Redeemable Perpetual Preferred Stock,0
GNL^D,Global Net Lease Inc. 7.50% Series D Cumulative Redeemable Perpetual Preferred Stock,0
GNL^E,Global Net Lease Inc. 7.375% Series E Cumulative Redeemable Perpetual Preferred Stock,0
GNT^A,GAMCO Natural Resources Gold & Income Tust  5.20% Series A Cumulative Preferred Shares (Liquidation Preference $25.00 per share),0
GODNR,Golden Star Acquisition Corporation Rights,0
GOEVW,Canoo Inc. Warrant,0
GOVXW,GeoVax Labs Inc. Warrants,0
GPACW,Global Partner Acquisition Corp II Warrant,0
GPMT^A,Granite Point Mortgage Trust Inc. 7.00% Series A Fixed-to-Floating Rate Cumulative Redeemable Preferred Stock,0
GRBK^A,Green Brick Partners Inc. Depositary Shares (each representing a 1/1000th fractional interest in a share of 5.75% Series A Cumulative Perpetual Preferred Stock),0
GRDIW,GRIID Infrastructure Inc. Warrant,0
GROMW,Grom Social Enterprises Inc. Warrants,0
GRRRW,Gorilla Technology Group Inc. Warrant,0
GS^A,Goldman Sachs Group Inc. (The) Depositary Shares each representing 1/1000th Interest in a Share of Floating Rate Non-Cumulative Preferred Stock Series A,0
GS^C,Goldman Sachs Group Inc. (The) Depositary Share repstg 1/1000th Preferred Series C,0
GS^D,Goldman Sachs Group Inc. (The) Dep Shs repstg 1/1000 Pfd Ser D Fltg,0
GS^K,Goldman Sachs Group Inc. (The) Dep Shs Repstg 1/1000 Int Sh Fxd/Fltg Non Cum Pfd Stk Ser K,0
GSL^B,Global Ship Lease Inc. Depository Shares Representing 1/100th Perpetual Preferred Series B% (Marshall Island),0
GSMGW,Cheer Holding Inc. Warrant expiring 2/13/2025,0
GTACW,Global Technology Acquisition Corp. I Warrant,0
GTLS^B,Chart Industries Inc. Depositary Shares each Representing a 1/20th Interest in a Share of 6.75% Series B Mandatory Convertible Preferred Stock,0
GUT^C,Gabelli Utility Trust (The) 5.375% Series C Cumulative Preferred Shares,0
HAIAW,Healthcare AI Acquisition Corp. Warrants,0
HCMAW,HCM Acquisition Corp Warrant,0
HCVIW,Hennessy Capital Investment Corp. VI Warrant,0
HEI/A,Heico Corporation,0
HFRO^A,Highland Opportunities and Income Fund 5.375% Series A Cumulative Preferred Shares,0
HGASW,Global Gas Corporation Warrant,0
HHGCR,HHG Capital Corporation Rights,0
HIG^G,Hartford Financial Services Group Inc. (The) Depositary Shares each representing a 1/1000th interest in a share of 6.000% Non-Cumulative Preferred Stock Series G $0.01 par value,0
HL^B,Hecla Mining Company Preferred Stock,0
HOFVW,Hall of Fame Resort &amp; Entertainment Company Warrant,0
HOLOW,MicroCloud Hologram Inc. Warrant,0
HOVRW,New Horizon Aircraft Ltd. Warrant,0
HPP^C,Hudson Pacific Properties Inc. 4.750% Series C Cumulative Redeemable Preferred Stock,0
HSCSW,Heart Test Laboratories Inc. Warrant,0
HSPOR,Horizon Space Acquisition I Corp. Right,0
HSPOW,Horizon Space Acquisition I Corp. Warrant,0
HTZWW,Hertz Global Holdings Inc Warrant,0
HUBCW,Hub Cyber Security Ltd. Warrant 2/27/28,0
HUBCZ,Hub Cyber Security Ltd. Warrant 8/22/2025,0
HUMAW,Humacyte Inc. Warrant,0
HVT/A,Haverty Furniture Companies Inc.,0
HWM^,Howmet Aerospace Inc. $3.75 Preferred Stock,0
HYMCW,Hycroft Mining Holding Corporation  Warrant,0
HYZNW,Hyzon Motors Inc. Warrants,0
ICR^A,InPoint Commercial Real Estate Income Inc. 6.75% Series A Cumulative Redeemable Preferred Stock,0
ICUCW,SeaStar Medical Holding Corporation Warrant,0
IGTAR,Inception Growth Acquisition Limited Rights,0
IGTAW,Inception Growth Acquisition Limited Warrants,0
IIPR^A,Innovative Industrial Properties Inc. 9.00% Series A Cumulative Redeemable Preferred Stock,0
IMACW,IMAC Holdings Inc. Warrant,0
IMAQR,International Media Acquisition Corp. Rights,0
IMAQW,International Media Acquisition Corp. Warrants,0
IMTXW,Immatics N.V. Warrants,0
INN^E,Summit Hotel Properties Inc. 6.250% Series E Cumulative Redeemable Preferred Stock,0
INN^F,Summit Hotel Properties Inc. 5.875% Series F Cumulative Redeemable Preferred Stock $0.01 par value per share,0
INTEW,Integral Acquisition Corporation 1 Warrants,0
INVZW,Innoviz Technologies Ltd. Warrant,0
IPXXW,Inflection Point Acquisition Corp. II Warrant,0
ISRLW,Israel Acquisitions Corp Warrant,0
IVCPW,Swiftmerge Acquisition Corp. Warrants,0
IVDAW,Iveda Solutions Inc. Warrant,0
IVR^B,Invesco Mortgage Capital Inc. Preferred Series B Cum Fxd to Fltg,0
IVR^C,INVESCO MORTGAGE CAPITAL INC 7.5% Fixed-to-Floating Series C Cumulative Redeemable Preferred Stock Liquation Preference $25.00 per Share,0
JFBRW,Jeffs' Brands Ltd Warrant,0
JPM^C,J P Morgan Chase & Co Depositary Shares each representing a 1/400th interest in a share of 6.00% Non-Cumulative  Preferred Stock Series EE,0
JPM^D,J P Morgan Chase & Co Depositary Shares each representing a 1/400th  interest in a share of 5.75% Non-Cumulative  Preferred Stock Series DD,0
JPM^J,J P Morgan Chase & Co Depositary Shares each representing a 1/400th interest in a share of JPMorgan Chase & Co. 4.75% Non-Cumulative Preferred Stock Series GG,0
JPM^K,J P Morgan Chase & Co Depositary Shares each representing a 1/400th interest in a share of 4.55% Non-Cumulative Preferred Stock Series JJ,0
JPM^L,J P Morgan Chase & Co Depositary Shares each representing a 1/400th interest in a share of 4.625% Non-Cumulative Preferred Stock Series LL,0
JPM^M,J P Morgan Chase & Co Depositary Shares each representing a 1/400th interest in a share of 4.20% Non-Cumulative Preferred Stock Series MM,0
JSPRW,Japer Therapeutics Inc. Warrants,0
JTAIW,Jet.AI Inc. Warrant,0
JXN^A,Jackson Financial Inc. Depositary Shares each representing a 1/1000th interest in a share of Fixed-Rate Reset Noncumulative Perpetual Preferred Stock Series A,0
KACLR,Kairous Acquisition Corp. Limited Rights,0
KERNW,Akerna Corp Warrant,0
KEY^I,KeyCorp Depositary Shares Each Representing a 1/40th Ownership Interest in a Share of Fixed-to-Floating Rate Perpetual Non-Cumulative Preferred Stock Series E,0
KEY^J,KeyCorp Depositary Shares each representing a 1/40th ownership interest in a share of Fixed Rate Perpetual Non-Cumulative Preferred Stock Series F,0
KEY^K,KeyCorp Depositary Shares each representing a 1/40th ownership interest in a share of Fixed Rate Perpetual Non-Cumulative Preferred Stock Series G,0
KEY^L,KeyCorp Depositary Shares each representing a 1/40th ownership interest in a share of Fixed Rate Perpetual Non-Cumulative Preferred Stock Series H,0
KIM^L,Kimco Realty Corporation Class L Depositary Shares each of which represents a one-one thousandth fractional interest in a share of 5.125% Class L Cumulative Redeemable Preferred Stock liquidation preference $25000.00 per share,0
KIM^M,Kimco Realty Corporation Class M Depositary Shares each of which represents a one-one thousandth fractional interest in a share of 5.25% Class M Cumulative Redeemable Preferred Stock liquidation preference $25000.00 per share,0
KIM^N,Kimco Realty Corporation Depositary Shares each representing 1/1000th interest in a share of 7.25% Class N Cumulative Convertible Perpetual Preferred Stock,0
KITTW,Nauticus Robotics Inc. Warrant,0
KPLTW,Katapult Holdings Inc. Warrant,0
KREF^A,KKR Real Estate Finance Trust Inc. 6.50% Series A Cumulative Redeemable Preferred Stock,0
KRNLW,Kernel Group Holdings Inc. Warrants,0
KTTAW,Pasithea Therapeutics Corp. Warrant,0
KVACW,Keen Vision Acquisition Corporation Warrant,0
KWESW,KWESST Micro Systems Inc. Warrant,0
KYCHR,Keyarch Acquisition Corporation Rights,0
KYCHW,Keyarch Acquisition Corporation Warrant,0
LBBBR,Lakeshore Acquisition II Corp. Rights,0
LBBBW,Lakeshore Acquisition II Corp. Warrants,0
LCAAW,L Catterton Asia Acquisition Corp Warrant,0
LCFYW,Locafy Limited Warrant,0
LDTCW,LeddarTech Holdings Inc. Warrants,0
LEXXW,Lexaria Bioscience Corp. Warrant,0
LFLYW,Leafly Holdings Inc. Warrant,0
LFT^A,Lument Finance Trust Inc. 7.875% Series A Cumulative Redeemable Preferred Stock,0
LGHLW,Lion Group Holding Ltd. Warrant,0
LGSTW,Semper Paratus Acquisition Corporation Warrant,0
LIFWZ,MSP Recovery Inc. Warrant,0
LNC^D,Lincoln National Corporation Depositary Shares Each Representing a 1/1000th Interest in a Share of 9.000% Non-Cumulative Preferred Stock Series D,0
LNZAW,LanzaTech Global Inc. Warrant,0
LSEAW,Landsea Homes Corporation Warrant,0
LTRYW,Lottery.com Inc. Warrants,0
LUNRW,Intuitive Machines Inc. Warrants,0
LVROW,Lavoro Limited Warrant,0
LXP^C,LXP Industrial Trust 6.5% Series C Cumulative Convertible Preferred Stock,0
MAA^I,Mid-America Apartment Communities Inc. 8.50% Series I Cumulative Redeemable Preferred Stock,0
MACAW,Moringa Acquisition Corp Warrant,0
MAPSW,WM Technology Inc. Warrants ,0
MAQCW,Maquia Capital Acquisition Corporation Warrant,0
MARXR,Mars Acquisition Corp. Rights,0
MBTCR,Nocturne Acquisition Corporation Right,0
MCACR,Monterey Capital Acquisition Corporation Rights,0
MCACW,Monterey Capital Acquisition Corporation Warrants,0
MCAFR,Mountain Crest Acquisition Corp. IV Rights,0
MCAGR,Mountain Crest Acquisition Corp. V Right,0
MDAIW,Spectral AI Inc. Warrants,0
MDV^A,Modiv Industrial Inc. 7.375% Series A Cumulative Redeemable Perpetual Preferred Stock,0
MER^K,Bank of America Corporation Income Capital Obligation Notes initially due December 15 2066,0
MET^A,MetLife Inc. Preferred Series A Floating Rate,0
MET^E,MetLife Inc. Depositary shares each representing a 1/1000th interest in a share of the Issuera??s 5.625% Non-Cumulative Preferred Stock Series E.,0
MET^F,MetLife Inc. Depositary Shares each representing a 1/1000th interest in a share of 4.75% Non-Cumulative Preferred Stock Series F,0
MFA^B,MFA Financial Inc. Preferred Series B,0
MFA^C,MFA Financial Inc. 6.50% Series C Fixed-to-Floating Rate Cumulative Redeemable Preferred Stock,0
MFICL,MidCap Financial Investment Corporation 8.00% Notes due 2028,0
MITAW,Coliseum Acquisition Corp. Warrant,0
MITT^A,AG Mortgage Investment Trust Inc. 8.25% Preferred Series A,0
MITT^B,AG Mortgage Investment Trust Inc. Preferred Series B,0
MITT^C,AG Mortgage Investment Trust Inc. 8.00% Series C Fixed-to-Floating Rate Cumulative Redeemable Preferred Stock $0.01 par value per share,0
MLECW,Moolec Science SA Warrant,0
MMVWW,MultiMetaVerse Holdings Limited Warrant,0
MNTSW,Momentus Inc. Warrant,0
MOBXW,Mobix Labs Inc Warrants,0
MS^A,Morgan Stanley Dep Shs repstg 1/1000 Pfd Ser A,0
MS^E,Morgan Stanley DEPOSITARY SHARES REP 1/1000TH SHARES FIXED/FLTG PREFERRED STOCK SERIES E,0
MS^F,Morgan Stanley Dep Shs Rpstg 1/1000th Int Prd Ser F Fxd to Flag,0
MS^I,Morgan Stanley Depository Shares Representing 1/1000th Preferred Series 1 Fixed to Floating Non (Cum),0
MS^K,Morgan Stanley Depositary Shares each representing 1/1000th of a share of Fixed-to-Floating Rate Non-Cumulative Preferred Stock  Series K,0
MS^L,Morgan Stanley Depositary Shares each representing 1/1000th of a share of 4.875% Non-Cumulative Preferred Stock Series L,0
MS^O,Morgan Stanley Depositary Shares each representing 1/1000th of a share of 4.250% Non-Cumulative Preferred Stock Series O,0
MS^P,Morgan Stanley Depositary Shares each representing 1/1000th of a share of 6.500% Non-Cumulative Preferred Stock Series P,0
MSAIW,Infrared Cameras Holdings Inc. Warrant,0
MSSAR,Metal Sky Star Acquisition Corporation Right,0
MSSAW,Metal Sky Star Acquisition Corporation Warrant,0
MTB^H,M&T Bank Corporation Perpetual Fixed-to-Floating Rate Non-Cumulative Preferred Stock Series H,0
MTEKW,Maris-Tech Ltd. Warrants,0
MVLAW,Movella Holdings Inc. Warrant,0
MVSTW,Microvast Holdings Inc. Warrants,0
NA,Nano Labs Ltd American Depositary Shares,0
NBSTW,Newbury Street Acquisition Corporation Warrants,0
NCNCW,noco-noco Inc. Warrant,0
NCPLW,Netcapital Inc. Warrants,0
NCV^A,Virtus Convertible & Income Fund 5.625% Series A Cumulative Preferred Shares,0
NCZ^A,Virtus Convertible & Income Fund II 5.50% Series A Cumulative Preferred Shares,0
NEE^N,NextEra Energy Inc. Series N Junior Subordinated Debentures due March 1 2079,0
NEE^R,NextEra Energy Inc. 6.926% Corporate Units,0
NEOVW,NeoVolta Inc. Warrant,0
NETDW,Nabors Energy Transition Corp. II Warrant,0
NGL^B,NGL ENERGY PARTNERS LP 9.00% Class B Fixed-to-Floating Rate Cumulative Redeemable Perpetual Preferred Units representing limited partnership interests,0
NGL^C,NGL ENERGY PARTNERS LP 9.625% Class C Fixed-to-Floating Rate Cumulative  Redeemable Perpetual Preferred Units representing  limited partner interests,0
NI^B,NiSource Inc Depositary Shares representing 1/1000th ownership interest in a share of 6.50% Series B Preferred Stock and 1/1000th ownership interest in a share of Series B-1 Preferred Stock,0
NIOBW,NioCorp Developments Ltd. Warrant,0
NKGNW,NKGen Biotech Inc. Warrants,0
NLY^F,Annaly Capital Management Inc 6.95% Series F,0
NLY^G,Annaly Capital Management Inc 6.50% Series G Fixed-to-Floating Rate Cumulative Redeemable Preferred Stock,0
NLY^I,Annaly Capital Management Inc 6.750% Series I Fixed-to-Floating Rate Cumulative Redeemable Preferred Stock,0
NM^G,Navios Maritime Holdings Inc. Sponsored ADR Representing 1/100th Perpetual Preferred Series G (Marshall Islands),0
NM^H,Navios Maritime Holdings Inc. Sponsored ADR Representing 1/100th Perp. Preferred Series H%,0
NNAGR,99 Acquisition Group Inc. Right,0
NNAGW,99 Acquisition Group Inc. Warrant,0
NNAVW,NextNav Inc. Warrant,0
NOVVR,Nova Vision Acquisition Corp. Rights,0
NRACW,Northern Revival Acquisition Corporation Warrant,0
NREF^A,NexPoint Real Estate Finance Inc. 8.50% Series A Cumulative Redeemable Preferred Stock,0
NRSNW,NeuroSense Therapeutics Ltd. Warrant,0
NRXPW,NRX Pharmaceuticals Inc. Warrant,0
NS^A,Nustar Energy L.P. 8.50% Series A Fixed-to-Floating Rate Cumulative Redeemable Perpetual Preferred Units,0
NS^B,Nustar Energy L.P. 7.625% Series B Fixed-to-Floating Rate Cumulative Redeemable Perpetual Preferred Units representing limited partner interests,0
NS^C,Nustar Energy L.P. 9.00% Series C Fixed-to-Floating Rate Cumulative Redeemable Perpetual Preferred Units,0
NSA^A,National Storage Affiliates Trust 6.000% Series A Cumulative Redeemable Preferred Shares of Beneficial Interest (Liquidation Preference $25.00 per share),0
NUBIW,Nubia Brand International Corp. Warrant,0
NVACR,NorthView Acquisition Corporation Rights,0
NVACW,NorthView Acquisition Corporation Warrant,0
NVNIW,Nvni Group Limited Warrants,0
NVVEW,Nuvve Holding Corp. Warrant,0
NWTNW,NWTN Inc. Warrant,0
NXDT^A,NexPoint Diversified Real Estate Trust 5.50% Series A Cumulative Preferred Shares ($25.00 liquidation preference per share),0
NXGLW,NexGel Inc Warrant,0
NXPLW,NextPlat Corp Warrants,0
NYCB^A,New York Community Bancorp Inc. Depositary shares each representing a 1/40th interest in a share of Fixed-to-Floating Rate Series A Noncumulative Perpetual Preferred Stock,0
NYCB^U,New York Community Bancorp Inc. New York Community Capital Tr V (BONUSES),0
O^,Realty Income Corporation 6.000% Series A Cumulative Redeemable Preferred Stock,0
OABIW,OmniAb Inc. Warrant,0
OAK^A,Oaktree Capital Group LLC 6.625% Series A Preferred units,0
OAK^B,Oaktree Capital Group LLC 6.550% Series B Preferred Units,0
OAKUW,Oak Woods Acquisition Corporation Warrant,0
OCAXW,OCA Acquisition Corp. Warrant,0
OCEAW,Ocean Biomediacal Inc. Warrants,0
OCSAW,Oculis Holding AG Warrants,0
ODVWZ,Osisko Development Corp. Warrant expiring 5/27/2027,0
ONFOW,Onfolio Holdings Inc. Warrant,0
ONMDW,OneMedNet Corp Warrant,0
OPP^A,RiverNorth/DoubleLine Strategic Opportunity Fund Inc. 4.375% Series A Cumulative Preferred Stock,0
OPP^B,RiverNorth/DoubleLine Strategic Opportunity Fund Inc. 4.75% Series B Cumulative Preferred Stock,0
OPTXW,Syntec Optics Holdings Inc. Warrant,0
ORGNW,Origin Materials Inc. Warrants,0
OXBRW,Oxbridge Re Holdings Limited Warrant expiring 3/26/2024,0
OXUSW,Oxus Acquisition Corp. Warrant,0
PAVMZ,PAVmed Inc. Series Z Warrant,0
PAYOW,Payoneer Global Inc. Warrant,0
PBAXW,Phoenix Biotech Acquisition Corp. Warrants,0
PBI^B,Pitney Bowes Inc 6.70% Notes Due 2043,0
PBMWW,Psyence Biomedical Ltd. Warrant,0
PCG^A,Pacific Gas & Electric Co. 6% Preferred Stock,0
PCG^B,Pacific Gas & Electric Co. 5 1/2% Preferred Stock,0
PCG^C,Pacific Gas & Electric Co. 5% 1st Preferred Stock,0
PCG^D,Pacific Gas & Electric Co. 5% 1st  Red. Preferred Stock,0
PCG^E,Pacific Gas & Electric Co. 5% 1st A Preferred Stock,0
PCG^G,Pacific Gas & Electric Co. 4.80% 1st Preferred Stock,0
PCG^H,Pacific Gas & Electric Co. 4.50% 1st Preferred Stock,0
PCG^I,Pacific Gas & Electric Co. 4.36% 1st Preferred Stock,0
PCTTW,PureCycle Technologies Inc. Warrant,0
PEB^E,Pebblebrook Hotel Trust 6.375% Series E Cumulative Redeemable Preferred Shares of Beneficial Interest,0
PEB^F,Pebblebrook Hotel Trust 6.3% Series F Cumulative Redeemable Preferred Shares of Beneficial Interest,0
PEB^G,Pebblebrook Hotel Trust 6.375% Series G Cumulative Redeemable Preferred Shares of Beneficial Interest,0
PEB^H,Pebblebrook Hotel Trust 5.700% Series H Cumulative Redeemable Preferred Shares of Beneficial Interest,0
PEGRW,Project Energy Reimagined Acquisition Corp. Warrant,0
PEPLW,PepperLime Health Acquisition Corporation Warrrant,0
PETVW,PetVivo Holdings Inc. Warrant,0
PETWW,Wag! Group Co Warrant,0
PFTAW,Perception Capital Corp. III Warrant,0
PIIIW,P3 Health Partners Inc. Warrant,0
PLAOW,Patria Latin American Opportunity Acquisition Corp. Warrant,0
PLMIW,Plum Acquisition Corp. I Warrant,0
PLTNR,Plutonian Acquisition Corp. Rights,0
PLTNW,Plutonian Acquisition Corp. Warrant,0
PMGMW,Priveterra Acquisition Corp. II Warrant to purchase Class A common stock,0
PMT^A,PennyMac Mortgage Investment Trust 8.125% Series A Fixed-to-Floating Rate Cumulative Redeemable Preferred Shares of Beneficial Interest,0
PMT^B,PennyMac Mortgage Investment Trust 8.00% Series B Fixed-to-Floating Rate Cumulative Redeemable Preferred Shares of Beneficial Interest,0
PMT^C,PennyMac Mortgage Investment Trust 6.75% Series C Cumulative Redeemable Preferred Shares of Beneficial Interest,0
PPHPR,PHP Ventures Acquisition Corp. Rights,0
PPHPW,PHP Ventures Acquisition Corp. Warrants,0
PPYAW,Papaya Growth Opportunity Corp. I Warrant,0
PRE^J,PartnerRe Ltd. 4.875% Fixed Rate Non-Cumulative Redeemable Preferred Shares Series J,0
PRENW,Prenetics Global Limited Warrant,0
PRIF^D,Priority Income Fund Inc. 7.00% Series D Term Preferred Stock due 2029,0
PRIF^F,Priority Income Fund Inc. 6.625% Series F Term Preferred Stock due 2027,0
PRIF^G,Priority Income Fund Inc. 6.25% Series G Preferred Stock Due 2026,0
PRIF^H,Priority Income Fund Inc. 6.00% Series H Term Preferred Stock due 2026,0
PRIF^I,Priority Income Fund Inc. 6.125% Series I Term Preferred Stock due 2028,0
PRIF^J,Priority Income Fund Inc. 6.000% Series J Term Preferred Stock due 2028,0
PRIF^K,Priority Income Fund Inc. 7.000% Series K Cumulative Preferred Stock,0
PRIF^L,Priority Income Fund Inc. 6.375% Series L Term Preferred Stock Due 2029,0
PROCW,Procaps Group S.A. Warrants,0
PRSTW,Presto Automation Inc. Warrant,0
PSA^F,Public Storage Depositary Shares Each Representing 1/1000 of a 5.15% Cumulative Preferred Share of Beneficial Interest Series F par value $0.01 per share,0
PSA^G,Public Storage Depositary Shares Each Representing 1/1000 of a 5.05% Cumulative Preferred Share of Beneficial Interest Series G,0
PSA^H,Public Storage Depositary Shares Each Representing 1/1000 of a  5.60% Cumulative Preferred  Share of Beneficial Interest Series H,0
PSA^I,Public Storage Depositary Shares Each Representing 1/1000 of a 4.875% Cumulative Preferred Share of Beneficial Interest Series I par value $0.01 per share,0
PSA^J,Public Storage Depositary Shares Each Representing 1/1000 of a 4.700% Cumulative Preferred Share of Beneficial Interest Series J par value $0.01 per share,0
PSA^K,Public Storage Depositary Shares Each Representing 1/1000 of a 4.75% Cumulative Preferred Share of Beneficial Interest Series K,0
PSA^L,Public Storage Depositary Shares Each Representing 1/1000 of a 4.625% Cumulative Preferred Share of Beneficial Interest Series L par value $0.01 per share,0
PSA^M,Public Storage Depositary Shares Each Representing 1/1000 of a 4.125% Cumulative Preferred Share of Beneficial Interest Series M,0
PSA^N,Public Storage Depositary Shares Each Representing 1/1000 of a 3.875% Cumulative Preferred Share of Beneficial Interest Series N,0
PSA^O,Public Storage Depositary Shares Each Representing 1/1000 of a 3.900% Cumulative Preferred Share of Beneficial Interest Series O,0
PSA^P,Public Storage Depositary Shares Each Representing 1/1000 of a 4.000% Cumulative Preferred Share of Bene cial Interest Series P,0
PSA^Q,Public Storage Depositary Shares Each Representing 1/1000 of a 3.950% Cumulative Preferred Share of Beneficial Interest Series Q par value $0.01 per share,0
PSA^R,Public Storage Depositary Shares Each Representing 1/1000 of a 4.00% Cumulative Preferred Share of Bene cial Interest Series R,0
PSA^S,Public Storage Depositary Shares Each Representing 1/1000 of a 4.100% Cumulative Preferred Share of Beneficial Interest Series S,0
PSEC^A,Prospect Capital Corporation 5.35% Series A Fixed Rate Cumulative Perpetual Preferred Stock,0
PTIXW,Protagenic Therapeutics Inc. Warrant,0
PTWOW,Pono Capital Two Inc. Warrants,0
PUCKW,Goal Acquisitions Corp. Warrant,0
PW^A,Power REIT 7.75% Series A Cumulative Perpetual Preferred Stock,0
PWUPW,PowerUp Acquisition Corp. Warrant,0
PXSAW,Pyxis Tankers Inc. Warrant,0
QDROW,Quadro Acquisition One Corp.  Warrant,0
QETAR,Quetta Acquisition Corporation Right,0
QOMOW,Qomolangma Acquisition Corp. Warrant,0
QSIAW,Quantum-Si Incorporated Warrant,0
RC^C,Ready Capital Corporation 6.25% Series C Cumulative Convertible Preferred Stock,0
RC^E,Ready Capital Corporation 6.50% Series E Cumulative Redeemable Preferred Stock,0
RCKTW,Rocket Pharmaceuticals Inc. Warrant,0
RCRTW,Recruiter.com Group Inc. Warrant,0
RDZNW,Roadzen Inc. Warrants,0
RELIW,Reliance Global Group Inc. Series A Warrants,0
REVBW,Revelation Biosciences Inc. Warrant,0
REXR^B,Rexford Industrial Realty Inc. 5.875% Series B Cumulative Redeemable Preferred Stock,0
REXR^C,Rexford Industrial Realty Inc. 5.625% Series C Cumulative Redeemable Preferred Stock par value $0.01 per share,0
RF^B,Regions Financial Corporation Depositary Shares Representing 1/40th Perpetual Preferred Series B,0
RF^C,Regions Financial Corporation Depositary Shares each Representing a 1/40th Interest in a  Share of 5.700% Fixed-to-Floating Rate Non-Cumulative  Perpetual Preferred Stock Series C,0
RF^E,Regions Financial Corporation Depositary Shares Each Representing a 1/40th Interest in a Share of 4.45% Non-Cumulative Perpetual Preferred Stock Series E,0
RFACR,RF Acquisition Corp. Rights,0
RGTIW,Rigetti Computing Inc. Warrants,0
RHE^A,Regional Health Properties Inc. 10.875% Series A Cumulative Redeemable Preferred Stock,0
RITM^A,Rithm Capital Corp. 7.50% Series A Fixed-to-Floating Rate Cumulative Redeemable Preferred Stock,0
RITM^B,Rithm Capital Corp. 7.125% Series B Fixed-to-Floating Rate Cumulative Redeemable Preferred Stock,0
RITM^C,Rithm Capital Corp. 6.375% Series C Fixed-to-Floating Rate Cumulative Redeemable Preferred Stock,0
RITM^D,Rithm Capital Corp. 7.00% Fixed-Rate Reset Series D Cumulative Redeemable Preferred Stock,0
RIV^A,RiverNorth Opportunities Fund Inc. 6.00% Series A Perpetual Preferred Stock,0
RJF^B,Raymond James Financial Inc. Depositary Shares each representing a 1/40th interest in a share of 6.375% Fixed-to-Floating Rate Series B Non-Cumulative Perpetual Preferred Stock,0
RLJ^A,RLJ Lodging Trust $1.95 Series A Cumulative Convertible  Preferred Shares,0
RMCOW,Royalty Management Holding Corporation Warrant,0
RMGCW,RMG Acquisition Corp. III Warrant,0
RMPL^,RiverNorth Capital and Income Fund 5.875%% Series A Term Preferred Stock $0.0001 par value per share,0
RNR^F,RenaissanceRe Holdings Ltd. Depositary Shares each Representing a 1/1000th Interest in a 5.750% Series F Preference Share,0
RNR^G,RenaissanceRe Holdings Ltd. Depositary Shares each representing a 1/1000th interest in a share of 4.20% Series G Preference Shares,0
ROCLW,Roth CH Acquisition V Co. Warrant,0
RUMBW,Rumble Inc. Warrant,0
RVMDW,Revolution Medicines Inc. Warrant,0
RVPHW,Reviva Pharmaceuticals Holdings Inc. Warrants,0
RVSNW,Rail Vision Ltd. Warrant,0
RWODR,Redwoods Acquisition Corp. Rights,0
RWODW,Redwoods Acquisition Corp. Warrants,0
RWT^A,Redwood Trust Inc. 10.00% Series A Fixed-Rate Reset Cumulative Redeemable Preferred Stock,0
SABSW,SAB Biotherapeutics Inc. Warrant,0
SACH^A,Sachem Capital Corp. 7.75% Series A Cumulative Redeemable Preferred Stock,0
SAGAR,Sagaliam Acquisition Corp. Rights,0
SAITW,SAI.TECH Global Corporation Warrant,0
SAND          ,Sandstorm Gold Ltd. Ordinary Shares (Canada),0
SATLW,Satellogic Inc. Warrant,0
SB^C,Safe Bulkers Inc Cumulative Redeemable Perpetual Preferred Series C (Marshall Islands),0
SB^D,Safe Bulkers Inc Perpetual Preferred Series D (Marshall Islands),0
SBFMW,Sunshine Biopharma Inc. Warrant,0
SCE^G,SCE Trust II Trust Preferred Securities,0
SCE^H,SCE Trust III Fixed/Floating Rate Trust Preference Securities,0
SCE^J,Southern California Edison Company 5.375% Fixed-to-Floating Rate Trust Preference Securities,0
SCE^K,Southern California Edison Company 5.45% Fixed-to-Floating Rate Trust Preference Securities,0
SCE^L,SCE TRUST VI,0
SCE^M,SCE Trust VII 7.50% Trust Preference Securities,0
SCHW^D,The Charles Schwab Corporation Depositary Shares each representing 1/40th interest in a share of 5.95% Non-Cumulative Perpetual Preferred Stock Series D,0
SCHW^J,The Charles Schwab Corporation Depositary Shares Each Representing a 1/40th Interest in a Share of 4.450% Non-Cumulative Perpetual Preferred Stock Series J,0
SCLXW,Scilex Holding Company Warrant,0
SCRMW,Screaming Eagle Acquisition Corp. Warrant,0
SDAWW,SunCar Technology Group Inc. Warrant,0
SEAL^A,Seapeak LLC 9.00% Series A Cumulative Redeemable Perpetual Preferred Units,0
SEAL^B,Seapeak LLC 8.50% Series B Fixed-to-Floating Rate Cumulative Redeemable Perpetual Preferred Units,0
SEPAW,SEP Acquisition Corp Warrants,0
SF^B,Stifel Financial Corporation Depositary Shares Each Representing 1/1000th  Interest in a Share of 6.25% Non-Cumulative  Preferred Stock Series B,0
SF^C,Stifel Financial Corporation Depositary Shares Each Representing 1/1000th Interest in a Share of 6.125% Non Cumulative Preferred Stock Series C,0
SF^D,Stifel Financial Corporation Depositary Shares Each Representing 1/1000th Interest in a Share of 4.50% Non-Cumulative Preferred Stock Series D,0
SFB,Stifel Financial Corporation 5.20% Senior Notes due 2047,0
SHFSW,SHF Holdings Inc. Warrants,0
SHO^H,Sunstone Hotel Investors Inc. 6.125% Series H Cumulative Redeemable Preferred Stock,0
SHO^I,Sunstone Hotel Investors Inc. 5.70% Series I Cumulative Redeemable Preferred Stock,0
SHOTW,Safety Shot Inc. Warrant,0
SHPWW,Shapeways Holdings Inc. Warrants,0
SITC^A,SITE Centers Corp. 6.375% Class A Preferred Shares,0
SLACW,Social Leverage Acquisition Corp I Redeemable warrants each whole warrant exercisable for one share of Class A common stock at an exercise price of $11.50,0
SLAMW,Slam Corp. warrant,0
SLDPW,Solid Power Inc. Warrant,0
SLG^I,SL Green Realty Corporation Preferred Series I,0
SLNAW,Selina Hospitality PLC Warrant,0
SMXWW,SMX (Security Matters) Public Limited Company Warrant,0
SNAXW,Stryve Foods Inc. Warrant,0
SNV^D,Synovus Financial Corp. Fixed-to-Floating Rate Non-Cumulative Perpetual Preferred Stock Series D Liquation Preference $25.00 per Share,0
SNV^E,Synovus Financial Corp. 5.875% Fixed-Rate Reset Non-Cumulative Perpetual Preferred Stock Series E,0
SONDW,Sonder Holdings Inc. Warrants,0
SOUNW,SoundHound AI Inc. Warrant,0
SPE^C,Special Opportunities Fund Inc. 2.75% Convertible Preferred Stock Series C,0
SPECW,Spectaire Holdings Inc. Warrant,0
SPG^J,Simon Property Group Inc. Simon Property Group 8 3/8% Series J Cumulative Redeemable Preferred Stock,0
SPKLW,Spark I Acquisition Corp. Warrant,0
SPLP^A,Steel Partners Holdings LP 6.0% Series A Preferred Units no par value,0
SPNT^B,SiriusPoint Ltd. 8.00% Resettable Fixed Rate Preference Shares Series B $25.00 liquidation preference per share,0
SQFTW,Presidio Property Trust Inc. Series A Common Stock Purchase Warrants,0
SR^A,Spire Inc. Depositary Shares each representing a 1/1000th interest in a share of 5.90% Series A Cumulative Redeemable Perpetual Preferred Stock,0
SRG^A,Seritage Growth Properties 7.00% Series A Cumulative Redeemable Preferred Shares of Beneficial Interest,0
SRZNW,Surrozen Inc. Warrant,0
STIXW,Semantix Inc. Warrant,0
STRCW,Sarcos Technology and Robotics Corporation Warrants,0
STT^D,State Street Corporation Depositary Shares representing 1/4000th Perpetual Preferred Series D,0
STT^G,State Street Corporation Depositary shares each representing a 1/4000th ownership interest in a share of Fixed-to-Floating Rate Non-Cumulative,0
SURGW,SurgePays Inc. Warrant,0
SVIIR,Spring Valley Acquisition Corp. II Rights,0
SVIIW,Spring Valley Acquisition Corp. II Warrant,0
SVMHW,SRIVARU Holding Limited Warrant,0
SVREW,SaverOne 2014 Ltd. Warrant,0
SWAGW,Stran & Company Inc. Warrant,0
SWSSW,Clean Energy Special Situations Corp. Warrant,0
SWVLW,Swvl Holdings Corp Warrant,0
SXTPW,60 Degrees Pharmaceuticals Inc. Warrant,0
SYF^A,Synchrony Financial Depositary Shares each Representing a 1/40th Interest in a Share of 5.625% Fixed Rate Non-Cumulative Perpetual Preferred Stock Series A,0
SYTAW,Siyata Mobile Inc. Warrant,0
SZZLW,Sizzle Acquisition Corp. Warrant,0
T^A,AT&T Inc. Depositary Shares each representing a 1/1000th interest in a share of 5.000% Perpetual Preferred Stock Series A,0
T^C,AT&T Inc. Depositary Shares each representing a 1/1000th interest in a share of 4.750% Perpetual Preferred Stock Series C,0
TALKW,Talkspace Inc. Warrant,0
TBLAW,Taboola.com Ltd. Warrant,0
TCBPW,TC BioPharm (Holdings) plc Warrants,0
TDS^U,Telephone and Data Systems Inc. Depositary Shares Each Representing a 1/1000th Interest in a 6.625% Series UU Cumulative Redeemable Perpetual Preferred Stock,0
TDS^V,Telephone and Data Systems Inc. Depositary Shares Each Representing a 1/1000th Interest in a 6.000% Series VV Cumulative Redeemable Perpetual Preferred Stock,0
TENKR,TenX Keane Acquisition Right,0
TETEW,Technology & Telecommunication Acquisition Corporation Warrant,0
TFC^I,Truist Financial Corporation Depositary Shares,0
TFC^O,Truist Financial Corporation Depositary Shares Each Representing a 1/1000th Interest in a Share of Series O Non-Cumulative Perpetual Preferred Stock,0
TFC^R,Truist Financial Corporation Depositary Shares each representing 1/1000th interest in a share of Series R Non-Cumulative Perpetual Preferred Stock,0
TGAAW,Target Global Acquisition I Corp. Warrant,0
TGH^A,Textainer Group Holdings Limited Depositary Shares each representing a 1/1000th interest in a share of 7.000% Series A Cumulative Redeemable Perpetual Preference Shares,0
TGH^B,Textainer Group Holdings Limited Depositary Shares each representing a 1/1000th interest in a share of 6.250% Series B Cumulative Redeemable Perpetual Preference Shares,0
THWWW,Target Hospitality Corp. Warrant expiring 3/15/2024,0
TLGYW,TLGY Acquisition Corporation Warrant,0
TMTCR,TMT Acquisition Corp Rights,0
TNONW,Tenon Medical Inc. Warrant,0
TNP^E,Tsakos Energy Navigation Ltd Series E Fixed-to-Floating Rate Cumulative Redeemable Perpetual Preferred Shares par value $1.00,0
TNP^F,Tsakos Energy Navigation Ltd Series F Fixed-to-Floating Rate Cumulative Redeemable Perpetual Preferred Shares par value $1.00,0
TOIIW,The Oncology Institute Inc. Warrant,0
TRONW,Corner Growth Acquisition Corp. 2 Warrants,0
TRTN^A,Triton International Limited 8.50% Series A Cumulative Redeemable Perpetual  Preference Shares,0
TRTN^B,Triton International Limited 8.00% Series B Cumulative Redeemable Perpetual Preference Shares,0
TRTN^C,Triton International Limited 7.375% Series C Cumulative Redeemable Perpetual Preference Shares,0
TRTN^D,Triton International Limited 6.875% Series D Cumulative Redeemable Perpetual Preference Shares,0
TRTN^E,Triton International Limited 5.75% Series E Cumulative Redeemable Perpetual Preference Shares,0
TRTX^C,TPG RE Finance Trust Inc. 6.25% Series C Cumulative Redeemable Preferred Stock $0.001 par value per share,0
TWLVW,Twelve Seas Investment Company II Warrant,0
TWO^A,Two Harbors Investments Corp 8.125% Series A Fixed-to-Floating Rate Cumulative Redeemable Preferred Stock ($25.00 liquidation preference per share),0
TWO^B,Two Harbors Investments Corp 7.625% Series B Fixed-to-Floating Rate Cumulative Redeemable Preferred Stock,0
TWO^C,Two Harbors Investments Corp 7.25% Series C Fixed-to-Floating Rate Cumulative Redeemable Preferred Stock,0
TY^,Tri Continental Corporation Preferred Stock,0
UHGWW,United Homes Group Inc. Warrant,0
UKOMW,Ucommune International Ltd Warrant expiring 11/17/2025,0
UMH^D,UMH Properties Inc. 6.375% Series D Cumulative Redeemable Preferred Stock Liquidation Preference $25 per share,0
USB^A,U.S. Bancorp Depositary Shares Each representing a 1/100th interest in a share of Series A Non-CumulativePerpetual Pfd Stock,0
USB^H,U.S. Bancorp Depositary Shares repstg 1/1000th Pfd Ser B,0
USB^P,U.S. Bancorp Depositary Shares each representing a 1/1000th interest in a share of Series K Non-Cumulative Perpetual Preferred Stock,0
USB^Q,U.S. Bancorp Depositary Shares Each Representing a 1/1000th Interest in a Share of Series L Non-Cumulative Perpetual Preferred Stock,0
USB^R,U.S. Bancorp Depositary Shares Each Representing a 1/1000th Interest in a Share of Series M Non-Cumulative Perpetual Preferred Stock,0
USB^S,U.S. Bancorp Depositary Shares each representing a 1/1000th interest in a share of Series O Non-Cumulative Perpetual Preferred Stock,0
USCTW,Roth CH Acquisition Co. Warrant,0
USGOW,U.S. GoldMining Inc. Warrant,0
VERBW,Verb Technology Company Inc. Warrant,0
VGASW,Verde Clean Fuels Inc. Warrant,0
VIEWW,View Inc. Warrant,0
VMCAW,Valuence Merger Corp. I Warrant,0
VNO^L,Vornado Realty Trust Pfd Ser L %,0
VNO^M,Vornado Realty Trust 5.25% Series M Cumulative Redeemable Preferred Shares of Beneficial Interest liquidation preference $25.00 per share no par value per share,0
VNO^N,Vornado Realty Trust 5.25% Series N Cumulative Redeemable Preferred Shares of Beneficial Interest liquidation preference $25.00 per share,0
VNO^O,Vornado Realty Trust 4.45% Series O Cumulative Redeemable Preferred Shares Liquidation Preference $25.00 Per Share,0
VOYA^B,Voya Financial Inc. Depositary Shares each representing a 1/40th interest in a share of 5.35% Fixed-Rate Reset Non-Cumulative Preferred Stock Series B,0
VRMEW,VerifyMe Inc. Warrant,0
VSACW,Vision Sensing Acquisition Corp. Warrants,0
VSTEW,Vast Renewables Limited Warrants,0
VWEWW,Vintage Wine Estates Inc. Warrants,0
WAL^A,Western Alliance Bancorporation Depositary Shares Each Representing a 1/400th Interest in a Share of 4.250% Fixed-Rate Non-Cumulative Perpetual Preferred Stock Series A,0
WBS^F,Webster Financial Corporation Depositary Shares Each Representing 1/1000th Interest in a Share of 5.25% Series F Non-Cumulative Perpetual Preferred Stock,0
WBS^G,Webster Financial Corporation Depositary Shares each representing a 1/40th interest in a share of 6.50% Series G non-cumulative perpetual preferred stock,0
WCC^A,WESCO International Inc. Depositary Shares each representing 1/1000th interest in a share of Series A Fixed-Rate Reset Cumulative Perpetual Preferred Stock,0
WESTW,Westrock Coffee Company Warrants,0
WFC^A,Wells Fargo & Company Depositary Shares each representing a 1/1000th interest in a share of Non-Cumulative Perpetual Class A Preferred Stock Series AA,0
WFC^C,Wells Fargo & Company Depositary Shares each representing a 1/1000th interest in a share of Non-Cumulative Perpetual Class A Preferred Stock Series CC,0
WFC^D,Wells Fargo & Company Depositary Shares each representing a 1/1000th interest in  a share of Non-Cumulative Perpetual Class A Preferred Stock Series DD,0
WFC^L,Wells Fargo & Company 7.50% Non-Cumulative Perpetual Convertible Class A Preferred Stock Series L,0
WFC^R,Wells Fargo & Company Dep Shs Repstg 1/1000th Int Perp Pfd Cl A (Ser R Fixed To Flltg),0
WFC^Y,Wells Fargo & Company Depositary Shares each representing a 1/1000th interest in a share of Non-Cumulative Perpetual Class A Preferred Stock Series Y,0
WFC^Z,Wells Fargo & Company Depositary Shares each representing a 1/1000th interest in a share of Non-Cumulative Perpetual Class A Preferred Stock Series Z,0
WGSWW,GeneDx Holdings Corp. Warrant,0
WINVR,WinVest Acquisition Corp. Right,0
WKSPW,Worksport Ltd. Warrant,0
WLDSW,Wearable Devices Ltd. Warrant,0
WRB^E,W.R. Berkley Corporation 5.70% Subordinated Debentures due 2058,0
WRB^F,W.R. Berkley Corporation 5.10% Subordinated Debentures due 2059,0
WRB^G,W.R. Berkley Corporation 4.25% Subordinated Debentures due 2060,0
WRB^H,W.R. Berkley Corporation 4.125% Subordinated Debentures due 2061,0
WSO/B,Watsco Inc.,0
WTMAR,Welsbach Technology Metals Acquisition Corp. one right to receive 1/10th of a share of common stock,0
XBPEW,XBP Europe Holdings Inc. Warrant,0
XFINW,ExcelFin Acquisition Corp Warrant,0
XFLT^A,XAI Octagon Floating Rate & Alternative Income Term Trust 6.50% Series 2026 Term Preferred Shares (Liquidation Preference $25.00),0
XOSWW,Xos Inc. Warrants,0
XPDBW,Power & Digital Infrastructure Acquisition II Corp. Warrant,0
YCBD^A,cbdMD Inc. 8.0% Series A Cumulative Convertible Preferred Stock,0
YOTAR,Yotta Acquisition Corporation Right,0
YOTAW,Yotta Acquisition Corporation Warrant,0
YSBPW,YS Biopharma Co. Ltd. Warrants,0
ZAPPW,Zapp Electric Vehicles Group Limited Warrant,0
ZCARW,Zoomcar Holdings Inc. Warrants,0
ZURAW,Zura Bio Limited Warrants,0
